[{"name":"war and peace","author":"Leo Tolstoy","genre":"life and drama","pic":"tolstoy.jpg","about":"The novel chronicles the French invasion of Russia and the impact of the Napoleonic era on Tsarist society through the stories of five Russian aristocratic families.It is regarded as one of Tolstoy's finest literary achievements and remains a classic of world literature."},{"name":"The Alchemist","author":"Paulo Coelho","genre":"Quest, adventure, fantasy","pic":"paulo.jpg","about":"The Alchemist (Portuguese: O Alquimista) is a novel by Brazilian author Paulo Coelho that was first published in 1988. Originally written in Portuguese, it became a widely translated international bestseller. An allegorical novel, The Alchemist follows a young Andalusian shepherd in his journey to the pyramids of Egypt, after having a recurring dream of finding a treasure there."},{"name":"Pride And Prejudice","author":"Jane Austen","genre":"Romance, Family","pic":"janeAusten.jpg","about":"Pride and Prejudice is a romantic novel of manners written by Jane Austen in 1813. The novel follows the character development of Elizabeth Bennet, the dynamic protagonist of the book who learns about the repercussions of hasty judgments and comes to appreciate the difference between superficial goodness and actual goodness. Its humour lies in its honest depiction of manners, education, marriage, and money during the Regency era in Great Britain."},{"name":"My book","author":"hari","genre":"spirituality","pic":"haripas.jpg","about":"A spiritual journey to find if there exist something other than body and mind."}]